scenario_id,prompt_style,turn,question,any_bias,leading,closed,anchoring,loaded,double_barreled,severity,rationale,neutral_rewrite
checkout_flow,bare,1,"Let's get started with the interview. I'll be taking notes and asking follow-up questions based on your responses.

Can you walk me through your typical online shopping experience, and how often do you shop online for yourself and for your family?",True,False,False,False,False,True,1,The question asks about two things at once: the typical online shopping experience and the frequency of shopping online for oneself and family.,Can you describe your typical online shopping experience?
checkout_flow,bare,2,"It sounds like you have a pretty busy schedule. 

How do you usually find out about the products or stores you're shopping from - do you get recommendations from friends, see ads online, or use a specific search engine or app?",True,False,False,True,False,False,1,"The question introduces specific methods of finding products, which could influence the participant's response.",How do you usually find out about products or stores when you're shopping online?
checkout_flow,bare,3,"It sounds like you're a pretty savvy online shopper.

When you're searching for a product, what factors do you consider most important when deciding whether to make a purchase from a particular website - for example, price, shipping speed, product reviews, or something else?",True,False,False,True,False,False,1,"The question provides examples of factors, which could shape the participant's response.",What factors do you consider when deciding whether to make a purchase from a particular website?
checkout_flow,bare,4,"It sounds like you're looking for a balance between price, convenience, and reliability.

Have you ever experienced a situation where you started to check out on a website, but then abandoned your cart because the checkout process was too slow or confusing - and if so, what specifically made you decide to leave the site?",True,True,False,True,False,True,2,"The question assumes the participant is looking for a balance between price, convenience, and reliability, and also asks about two things at once: experiencing a situation and the reasons for leaving the site.","Have you ever abandoned your cart during checkout? If so, what happened?"
checkout_flow,bare,5,"It sounds like you value simplicity and efficiency in the checkout process.

Have you ever noticed any websites that have a particularly streamlined or user-friendly checkout process - one that makes you feel like it's easy to complete your purchase and get on with your day?",True,True,False,False,False,False,2,The question assumes the participant values simplicity and efficiency in the checkout process.,Can you think of any websites with a checkout process that you found particularly easy to use?
checkout_flow,bare,6,"It sounds like Amazon and Walmart have done a good job of simplifying the checkout process for you.

Have you ever tried to use a mobile app to complete a purchase, and if so, what features do you think make an app checkout process more convenient for you than a traditional website checkout?",True,True,False,True,False,True,2,"The question assumes Amazon and Walmart have simplified the checkout process, and also asks about two things at once: trying to use a mobile app and the features that make it more convenient.","Have you used a mobile app to complete a purchase? If so, what did you like about the experience?"
checkout_flow,ux_guidelines,1,"Can you walk me through your typical online shopping experience, from browsing products to completing a purchase, and tell me about any challenges you've faced during this process?",True,False,False,False,False,True,1,"The question asks about both the typical experience and challenges, which could lead to a lengthy and potentially confusing response.","Can you describe a recent online shopping experience, focusing on one specific purchase?"
checkout_flow,ux_guidelines,2,"Have you ever had an experience where you started the checkout process, but then abandoned your cart before completing the purchase due to frustration or feeling like it was taking too long?",True,True,True,True,False,False,2,"The question assumes frustration or slow checkout as the reason for abandonment, which may not be the case for all participants.",Can you tell me about a time when you didn't complete a purchase after starting the checkout process?
checkout_flow,ux_guidelines,3,"Can you think of any specific moments or decisions that led you to choose the alternative site with a smoother checkout process, rather than trying to complete the purchase on the original site?",True,True,False,True,False,False,2,"The question assumes the participant chose an alternative site due to a smoother checkout process, which may not be the case.",What factors influence your decision to switch to a different website when shopping online?
checkout_flow,ux_guidelines,4,"Are there any specific features or functionalities that you've seen on other ecommerce sites that you wish were available on the site you were trying to use, but weren't?",False,False,False,False,False,False,0,The question is open-ended and allows the participant to share their genuine thoughts and experiences.,What features or functionalities have you encountered on other ecommerce sites that you found particularly useful?
checkout_flow,ux_guidelines,5,"Have you ever tried to create an account on a site, but then found that the process of creating an account was more complicated or time-consuming than you anticipated, and it ultimately led you to abandon your cart?",True,True,True,True,False,True,3,"The question is long, assumes a specific scenario, and asks about multiple things at once, which can be confusing for the participant.",What has been your experience with creating accounts on ecommerce sites?
checkout_flow,ux_guidelines,6,"Did you ever end up using the account you created on that site, or did you abandon it after the initial purchase?",True,False,True,False,False,False,1,The question is straightforward but could be improved by allowing for a more nuanced response.,What happened with the account you created on that site after your initial purchase?
checkout_flow,bias_guardrail,1,Can you walk me through your typical process when checking out on an ecommerce website?,False,False,False,False,False,False,0,This question is open-ended and allows the participant to share their genuine experience without any influence.,Can you describe your usual checkout process on ecommerce sites?
checkout_flow,bias_guardrail,2,What information do you usually check on the checkout page before proceeding with your order?,False,False,False,False,False,False,0,This question is straightforward and inquires about the participant's behavior without any bias.,What do you look for on the checkout page before completing your order?
checkout_flow,bias_guardrail,3,How do you typically handle unexpected charges or fees that you didn't anticipate when checking out?,False,False,False,False,False,False,0,This question explores the participant's reaction to a specific situation without influencing their response.,What do you do when you encounter unexpected costs during checkout?
checkout_flow,bias_guardrail,4,What factors influence your decision to contact customer support or to abandon the cart when you're unsure about charges or fees?,False,False,False,False,False,False,0,This question investigates the participant's decision-making process in a neutral manner.,What makes you decide to contact support or abandon your cart when you're unsure about costs?
checkout_flow,bias_guardrail,5,How do you usually perceive the time it takes to resolve an issue with customer support when you're checking out?,False,False,False,False,False,False,0,This question asks about the participant's perception of time without introducing any bias.,What's your experience with the time it takes for customer support to resolve issues during checkout?
checkout_flow,bias_guardrail,6,What do you think would make you more likely to wait for customer support to resolve an issue while you're checking out?,False,False,False,False,False,False,0,This question inquires about the participant's preferences without influencing their response.,What would make you more willing to wait for support to resolve an issue during checkout?
budgeting_app,bare,1,"Let's get started with the interview. I'm here to understand your thoughts and feelings about a new student budgeting app that can automatically categorize your spending. 

Here's my first question:

Have you ever used a budgeting or expense-tracking app before?",True,False,True,False,False,False,1,"The question is straightforward but can be answered with a simple yes or no, which might limit the participant's response.",What experience do you have with budgeting or expense-tracking tools?
budgeting_app,bare,2,"It can be overwhelming to set up and maintain a budgeting app.

Can you tell me more about what you mean by ""actual school stuff"" - is that referring to coursework, extracurricular activities, or something else?",False,False,False,False,False,False,0,The question is open-ended and seeks clarification on the participant's previous response.,Could you elaborate on what you meant by 'actual school stuff'?
budgeting_app,bare,3,"It sounds like you have a lot on your plate.

How do you currently keep track of your expenses, if you don't use a budgeting app?",False,False,False,False,False,False,0,The question is neutral and inquires about the participant's current behavior.,How do you currently manage your expenses?
budgeting_app,bare,4,"It can be challenging to keep track of all your expenses, especially the smaller ones.

Do you think there's anything that would make it more appealing to you to use a budgeting app, like this one that automatically categorizes your spending?",True,True,False,True,False,False,2,"The question assumes the participant finds tracking expenses challenging and introduces a specific feature of the app, which could influence their response.",What features or aspects of a budgeting app would be most appealing to you?
budgeting_app,bare,5,"It sounds like you're looking for a pretty seamless experience.

How important is it to you that the app provides personalized advice or recommendations for improving your spending habits, versus just tracking your expenses?",True,False,False,False,False,True,2,"The question asks about two distinct aspects of the app's functionality, which might confuse the participant or make it difficult to provide a clear response.",How important is it to you that a budgeting app provides personalized advice or recommendations for improving your spending habits?
budgeting_app,bare,6,"It sounds like you're looking for a more supportive approach.

Would you be more likely to use a budgeting app if you could customize the way it provides feedback or advice, so it's more tailored to your own goals and preferences?",True,True,True,True,False,False,3,"The question assumes the participant is looking for a supportive approach, introduces a specific feature, and can be answered with a simple yes or no, which could significantly influence the participant's response.",What role do you think customization should play in a budgeting app's feedback or advice?
budgeting_app,ux_guidelines,1,"Can you tell me about a time when you had to manually categorize your expenses, such as splitting a bill with friends or tracking your spending for a specific goal?",True,False,False,True,False,False,1,"The question introduces a specific scenario which might influence the participant's response, but it's open-ended and doesn't embed a value judgment.",Can you describe a recent experience where you had to organize your expenses?
budgeting_app,ux_guidelines,2,What was the most frustrating part about trying to manually track your expenses in that situation?,False,False,False,False,False,False,0,This question is open-ended and seeks the participant's genuine feelings about their experience without introducing bias.,How did you feel about tracking your expenses in that situation?
budgeting_app,ux_guidelines,3,"Have you ever found yourself avoiding checking your finances or tracking your spending because it felt overwhelming or stressful, and if so, what usually triggered that feeling?",True,True,False,True,True,True,3,"The question assumes avoidance behavior, introduces a negative emotion, and asks about triggers, making it leading, loaded, and double-barreled.",How do you feel when you think about checking your finances or tracking your spending?
budgeting_app,ux_guidelines,4,"When you did eventually check your finances, what was going through your mind, and how did you typically respond to what you saw?",True,False,False,False,False,True,2,"The question asks about two different things (thoughts and responses), making it double-barreled, but it doesn't introduce bias or assumptions.",What was your initial reaction when you checked your finances?
budgeting_app,ux_guidelines,5,Do you think that having an automatic categorization system in a budgeting app would have made a difference in how you managed your finances during that time when you were trying to save up for the concert ticket?,True,True,False,True,False,False,2,"The question introduces a specific feature (automatic categorization) and a past scenario, which could influence the participant's response, making it leading and anchoring.",How do you think technology could have helped you with saving for a specific goal in the past?
budgeting_app,ux_guidelines,6,"If you had access to an automatic categorization system in a budgeting app, do you think you would use it regularly to monitor your spending and stay on top of your finances, or would you likely only use it when you're trying to meet a specific savings goal?",True,True,False,True,False,False,2,"The question assumes the participant would use the feature and introduces a specific scenario, making it leading and anchoring.",What features in a budgeting app would encourage you to regularly monitor your spending?
budgeting_app,bias_guardrail,1,Can you describe your current method for tracking your expenses?,False,False,False,False,False,False,0,"This question is open-ended and neutral, allowing the participant to share their current method without any influence or bias.",What methods do you currently use to track your expenses?
budgeting_app,bias_guardrail,2,What features do you think would make a budgeting app more likely to hold your attention and keep you engaged?,False,False,False,False,False,False,0,"This question is exploratory and allows the participant to share their thoughts on what would make a budgeting app engaging, without any assumptions or biases.",What aspects of a budgeting app do you think would be most engaging for you?
budgeting_app,bias_guardrail,3,"How do you think you would use a visual representation of your spending, such as a pie chart, to inform your financial decisions?",True,False,False,True,False,False,1,"The question introduces a specific feature (pie chart) which could influence the participant's response, but it still allows for an open-ended answer.",How do you think visual representations of your spending could help inform your financial decisions?
budgeting_app,bias_guardrail,4,"What role do you think emotions, such as anxiety or guilt, play in your spending decisions?",False,False,False,False,False,False,0,This question is neutral and allows the participant to share their thoughts on the role of emotions in their spending decisions without any influence or bias.,How do you think emotions impact your spending decisions?
budgeting_app,bias_guardrail,5,"Can you describe a situation where you made an impulsive purchase due to financial anxiety, and how you felt afterwards?",True,False,False,False,False,True,2,"The question asks about two things at once (the situation and the feelings afterwards), which could make it difficult for the participant to provide a clear answer.","Can you describe a recent impulsive purchase? What led to that purchase, and how did you feel about it afterwards?"
budgeting_app,bias_guardrail,6,"How do you think you might use a budgeting app to help you manage your financial anxiety, if you were to use one regularly?",True,False,False,True,False,False,1,"The question introduces a specific solution (budgeting app) which could influence the participant's response, but it still allows for an open-ended answer.",What tools or strategies do you think could help you manage your financial anxiety?
telehealth_booking,bare,1,"Let's get started with the interview. 

Can you walk me through your typical process for booking a telehealth appointment for yourself or your elderly parent, and what motivated you to choose telehealth in the first place?",True,False,False,False,False,True,1,"The question asks about two things at once: the process of booking and the motivation for choosing telehealth, which could lead to incomplete or confusing answers.",Can you describe your experience booking a telehealth appointment for yourself or your elderly parent?
telehealth_booking,bare,2,"You mentioned using the doctor's portal or app to book appointments. Have you ever used a third-party platform or website to book a telehealth appointment, such as a telemedicine marketplace or a patient engagement platform?",True,False,False,True,False,False,1,"The question introduces specific examples of third-party platforms, which could influence the participant's response and limit their ability to share other relevant experiences.",Have you used any other methods or platforms to book telehealth appointments?
telehealth_booking,bare,3,"It sounds like the third-party platform offered some benefits, but also some challenges. Did you find that the experience of booking a telehealth appointment through the platform differed significantly from booking directly through your mom's doctor's office?",True,False,False,True,False,False,1,"The question assumes the participant has used a third-party platform and frames the experience in terms of benefits and challenges, which could shape their response.",How does your experience booking telehealth appointments through different methods compare?
telehealth_booking,bare,4,"That's an interesting contrast. How do you think the experience of booking a telehealth appointment through the platform would change if the platform was integrated more closely with your mom's doctor's office, so that you could still get the benefits of comparison and convenience, but also felt like you were still working with her doctor and their office?",True,True,False,True,False,False,2,"The question assumes a specific scenario and implies that integration would be beneficial, which could lead the participant to provide a positive response.",What changes would you like to see in the way telehealth appointments are booked through different platforms or methods?
telehealth_booking,bare,5,"That's a great idea about showing information about your mom's history and previous appointments. Have you ever had to provide this kind of information to the doctor or their staff when booking a telehealth appointment, and if so, how did that experience go for you?",True,False,False,False,False,True,1,"The question asks about two things at once: whether the participant has had to provide information and how the experience went, which could lead to incomplete or confusing answers.",Have you had to provide your mom's medical history or previous appointment information when booking a telehealth appointment?
telehealth_booking,bare,6,"It sounds like having a more seamless way to share information would be really helpful. Have you ever considered using a personal health record (PHR) or a patient portal that allows you to store and manage your mom's medical information in one place, and then share it with her healthcare providers as needed?",True,True,False,True,False,False,2,"The question implies that a personal health record or patient portal would be helpful and assumes the participant has not considered this option, which could shape their response.",What tools or methods do you use to manage and share your mom's medical information?
telehealth_booking,ux_guidelines,1,Can you walk me through your most recent experience booking a telehealth appointment for yourself or your elderly parent - what specifically led you to choose a telehealth option over an in-person visit?,True,False,False,False,False,True,1,The question asks about two things at once: the experience of booking and the reason for choosing telehealth over in-person.,Can you describe your most recent experience booking a telehealth appointment?
telehealth_booking,ux_guidelines,2,How did you find the process of preparing for the telehealth appointment - was there anything in particular that made it easy or difficult to get set up and ready to go?,True,False,False,False,False,True,1,"The question asks about both the ease and difficulty of the process, which could be split into separate questions.",What was your experience like preparing for the telehealth appointment?
telehealth_booking,ux_guidelines,3,"Looking back, are there any steps in the preparation process that you think could be simplified or made easier, even if it's just a minor adjustment, that might make the experience feel less frustrating or time-consuming?",True,True,False,False,False,False,1,"The question suggests that there are steps that could be simplified, which might nudge the participant towards a particular type of response.",What are your thoughts on the preparation process for the telehealth appointment?
telehealth_booking,ux_guidelines,4,"Have you ever had to cancel or reschedule a telehealth appointment, and if so, what was that experience like - was it similar to canceling or rescheduling an in-person appointment, or were there any differences you noticed?",True,False,False,False,False,True,1,The question asks about both the experience of canceling/rescheduling and the comparison to in-person appointments.,"Have you ever had to cancel or reschedule a telehealth appointment? If so, can you describe the experience?"
telehealth_booking,ux_guidelines,5,"When you had to reschedule the appointment, did you have any issues with communication with the doctor's office or the telehealth platform - for example, did you receive timely reminders or updates about the new appointment time, or were there any misunderstandings that needed to be cleared up?",True,False,False,True,False,True,2,"The question introduces specific examples of potential issues, which could shape the participant's response, and also asks about multiple aspects of the experience.","What was your experience like when rescheduling the appointment, in terms of communication with the doctor's office or the telehealth platform?"
telehealth_booking,ux_guidelines,6,"Are there any features or functionalities that you think would be useful to have in a telehealth appointment booking system that you haven't seen or experienced yet, but think would make a big difference in your overall experience?",True,True,False,False,False,False,1,"The question suggests that there are features that would make a 'big difference', which might nudge the participant towards a particular type of response.",What features or functionalities do you think would be useful to have in a telehealth appointment booking system?
telehealth_booking,bias_guardrail,1,"Can you describe your typical process for finding and booking a medical appointment, including any steps you take before and after the booking process?",True,False,False,False,False,True,1,"The question asks about multiple aspects of the process at once, which might make it difficult for the participant to provide a clear and detailed answer.",Can you walk me through the steps you take to book a medical appointment?
telehealth_booking,bias_guardrail,2,How do you typically verify the information about a doctor's availability and procedures before booking an appointment?,False,False,False,False,False,False,0,The question is open-ended and allows the participant to share their experience without any influence.,What steps do you take to verify a doctor's availability and procedures before booking?
telehealth_booking,bias_guardrail,3,What information do you think is most important for you to know before booking a telehealth appointment versus an in-person appointment?,True,False,False,False,False,True,1,"The question compares two types of appointments, which might make it challenging for the participant to provide a straightforward answer.",What information do you think is most important to know before booking a telehealth appointment?
telehealth_booking,bias_guardrail,4,Are there any differences in your expectations for communication with a doctor's office when booking a telehealth appointment versus an in-person appointment?,True,False,False,False,False,True,1,"The question asks about a comparison, which might lead to a complex answer.",How do you expect to communicate with a doctor's office when booking a telehealth appointment?
telehealth_booking,bias_guardrail,5,"How do you currently handle any technical issues that arise during a telehealth appointment, such as connectivity problems or difficulty using the required technology?",True,False,False,True,False,False,1,"The question introduces specific technical issues, which might influence the participant's response.",Can you describe any challenges you've faced during a telehealth appointment and how you handled them?
telehealth_booking,bias_guardrail,6,What steps do you think a doctor's office could take to help minimize or resolve technical issues during a telehealth appointment?,False,False,False,False,False,False,0,The question is open-ended and allows the participant to provide suggestions without any influence.,How could a doctor's office improve the technical aspect of a telehealth appointment?
team_notes,bare,1,Let's conduct this interview. Can you tell me a little bit about your current process for taking and organizing meeting notes within your team at the startup?,False,False,False,False,False,False,0,"This question is open-ended and neutral, allowing the participant to share their process without any influence or bias.",Can you describe your team's current approach to taking and organizing meeting notes?
team_notes,bare,2,"How do you currently handle the situation when multiple people are contributing to the meeting notes at the same time, and it becomes difficult to keep track of who said what and when?",False,False,False,False,False,False,0,"This question is specific and focused on a particular challenge, but it does not introduce any bias or assumption.","What challenges do you face when multiple team members contribute to meeting notes simultaneously, and how do you address them?"
team_notes,bare,3,"Do you find that these issues with the shared Google Doc affect the overall productivity or efficiency of your team's meetings, or are they more of a minor annoyance?",True,True,False,True,False,False,1,"The question assumes that there are issues with the shared Google Doc and introduces a specific framing (productivity or efficiency), which could influence the participant's response.","How do you think your team's meeting notes process affects your meetings, and what impact does it have on your work?"
team_notes,bare,4,"Have you ever considered using a dedicated meeting notes tool, or have you only explored the shared Google Doc and Slack integrations you're currently using?",True,False,False,True,False,False,1,"The question introduces a specific solution (dedicated meeting notes tool) and assumes that the participant is currently using Google Doc and Slack integrations, which could shape their response.","What tools or methods have you considered or used to manage meeting notes, and what factors influence your decisions?"
team_notes,bare,5,"What features or functionalities do you think would be essential for a meeting notes tool to have in order for you to consider using it regularly, given your team's needs and size?",False,False,False,False,False,False,0,This question is open-ended and allows the participant to share their thoughts on the essential features of a meeting notes tool without any influence or bias.,What features or functionalities would you look for in a meeting notes tool to make it useful for your team?
team_notes,bare,6,"Would you be open to using a collaborative meeting notes tool that integrates with your existing workflow and tools, such as Slack, rather than having to switch to a completely new platform?",True,True,True,True,False,False,2,"The question assumes that the participant would prefer a tool that integrates with their existing workflow and introduces a specific platform (Slack), which could influence their response and limits their answer to a yes/no response.","What factors would influence your decision to adopt a new meeting notes tool, and how important is integration with your existing tools and workflow?"
team_notes,ux_guidelines,1,"Can you describe a typical meeting that you have with your team, and what kind of notes or follow-up actions do you usually take afterwards?",True,False,False,False,False,True,1,The question asks about two things at once: typical meetings and notes or follow-up actions.,Can you describe a typical meeting that you have with your team?
team_notes,ux_guidelines,2,"What are some specific pain points or challenges you've encountered with your current process for taking and following up on meeting notes, that you feel are worth addressing?",False,False,False,False,False,False,0,The question is open-ended and allows the participant to share their genuine experiences.,What challenges have you faced with your current meeting notes process?
team_notes,ux_guidelines,3,"You mentioned that new team members have trouble getting up to speed on past meetings and discussions - can you think of a specific instance where this was a problem, and how it affected the team or a project?",True,False,False,False,False,True,1,"The question asks about a specific instance and its effects, which are two separate things.",Can you recall a specific instance where a new team member struggled to get up to speed on past meetings?
team_notes,ux_guidelines,4,"You mentioned that a better system for documenting meeting notes and project decisions would have helped with the new designer's onboarding process - are there any other situations or roles where you think this kind of system would be particularly beneficial, or where it might make a big difference?",True,True,False,True,False,True,2,The question assumes a 'better system' would be beneficial and asks about multiple scenarios at once.,What other challenges do you think a meeting notes system could help with?
team_notes,ux_guidelines,5,"You mentioned that a system for documenting meeting notes and project decisions would be beneficial for contractors or freelancers – can you think of a specific instance where a freelancer or contractor had trouble getting up to speed on a project, and how it affected the team or the project's timeline?",True,True,False,True,False,True,2,The question assumes the system's benefit and asks about a specific instance and its effects.,Have you noticed any issues with freelancers or contractors getting up to speed on projects?
team_notes,ux_guidelines,6,"You mentioned that the freelancer had to spend a full day getting up to speed on the project's requirements and previous discussions – can you estimate how much time or resources you think you would have saved if you had a system in place for documenting meeting notes and project decisions, in a typical project or situation like this?",True,True,False,True,False,False,2,The question assumes the existence and benefit of a system and asks for a specific estimate.,How do you think a meeting notes system could impact project timelines?
team_notes,bias_guardrail,1,Can you describe your current process for taking and sharing meeting notes within your team?,False,False,False,False,False,False,0,This question is open-ended and allows the participant to share their process without any influence or bias.,Can you walk me through how you currently handle meeting notes?
team_notes,bias_guardrail,2,What are some specific challenges you've encountered with using Google Docs for meeting notes?,True,True,False,True,False,False,2,"The question assumes the participant uses Google Docs and may have had challenges, which could lead to biased responses.","What tools do you use for meeting notes, and have you encountered any challenges with them?"
team_notes,bias_guardrail,3,Have you ever experienced situations where important information or action items got lost or forgotten because of these issues with your current process?,True,True,True,True,False,False,2,"The question implies that the participant's current process has issues and may lead to lost information, which could influence their response.",Can you think of any instances where meeting notes or action items were not effectively communicated or followed up on?
team_notes,bias_guardrail,4,How do you currently ensure that team members are aware of their assigned action items and deadlines from meeting notes?,False,False,False,False,False,False,0,This question is open-ended and allows the participant to share their process without any influence or bias.,What methods do you use to communicate action items and deadlines to team members after a meeting?
team_notes,bias_guardrail,5,Are there any specific features or tools that you think would help you or your team members stay on top of action items and deadlines more consistently?,False,False,False,False,False,False,0,This question is open-ended and allows the participant to share their thoughts on potential solutions without any influence or bias.,What features or tools do you think could improve your team's management of action items and deadlines?
team_notes,bias_guardrail,6,"Have you ever considered using a project management tool that integrates with your existing workflow, or would you prefer a dedicated tool specifically designed for meeting notes and task management?",True,True,False,True,False,True,3,"The question presents two options and assumes the participant has considered project management tools, which could lead to biased responses.","What are your thoughts on using tools to manage meeting notes and action items, and what features are important to you?"
fitness_onboarding,bare,1,"Let's get started with the interview. Can you tell me a little bit about what motivated you to download a fitness app, and what are your expectations for using it to help you reach your exercise goals?",True,False,False,False,False,True,1,"The question asks about two separate topics: motivation for downloading the app and expectations for using it, which could lead to a lengthy or confusing response.",What motivated you to download a fitness app?
fitness_onboarding,bare,2,"You mentioned you've had a harder time finding safe exercises on YouTube. Have you ever worked with a personal trainer or fitness coach in the past, or is this your first time trying to structure your own workout routine?",True,False,False,False,False,True,1,"The question asks about two separate experiences: working with a personal trainer and structuring a workout routine, which could lead to a confusing response.",Have you ever worked with a personal trainer or fitness coach?
fitness_onboarding,bare,3,"It sounds like having guidance is something that's valuable to you, even if it's not always feasible in a personal training setting. How do you think you would feel about receiving guidance from an app, rather than a human trainer - would that be less or more helpful for you?",True,True,False,False,False,False,1,"The question assumes that guidance is valuable to the participant and asks for a comparison, which could influence their response.",What are your thoughts on receiving guidance from a fitness app?
fitness_onboarding,bare,4,"You mentioned being worried about the app not being able to account for nuances like a bad day or needing to modify an exercise on the fly. How do you think the app could be designed to help you adapt to those kinds of situations, or would you expect to need to rely on other resources, like online forums or YouTube tutorials?",True,False,False,True,False,True,2,"The question introduces specific features (online forums or YouTube tutorials) and asks about two separate topics: app design and reliance on other resources, which could shape the participant's response.",How do you think a fitness app could help you adapt to unexpected situations during a workout?
fitness_onboarding,bare,5,"You mentioned it being cool if the app could suggest alternative exercises or routines based on your past behavior and knee history. Have you ever used a fitness app that used data or tracking to provide personalized recommendations, or is this a new concept for you?",True,False,False,True,False,True,2,"The question introduces a specific feature (personalized recommendations) and asks about two separate experiences: using a fitness app with data tracking and the concept being new, which could influence the participant's response.",What are your thoughts on fitness apps using data to provide personalized recommendations?
fitness_onboarding,bare,6,You mentioned that the previous fitness tracker you used gave you generic advice. What do you think would make the recommendations from this app feel more tailored or relevant to your specific needs and goals?,True,False,False,True,False,False,1,"The question introduces a specific experience (previous fitness tracker) and asks for a comparison, which could shape the participant's response.",What factors would make fitness app recommendations feel more relevant to your needs and goals?
fitness_onboarding,ux_guidelines,1,"Can you describe a recent time when you started a new exercise routine or fitness program, and what motivated you to stick with it for a while, if at all?",True,False,False,False,False,True,1,"The question asks about two things: a recent time starting a new exercise routine and what motivated sticking with it, which could lead to incomplete or biased answers.",Can you describe a recent time when you started a new exercise routine or fitness program?
fitness_onboarding,ux_guidelines,2,"How did you typically plan and prepare for your workouts when you were using the running app, and were there any specific features or tools that you found particularly helpful or not helpful in terms of managing your knee pain?",True,False,False,True,False,True,2,"The question introduces a specific app (running app) and a specific aspect (managing knee pain), which could influence the participant's response and limit the scope of their answer.","How do you typically plan and prepare for your workouts, and what tools or features do you find helpful?"
fitness_onboarding,ux_guidelines,3,"Can you think of any other times or situations where you might have benefited from having a more tailored approach to exercise, such as a workout plan that took into account your knee pain or other specific needs or limitations?",True,True,False,True,False,False,2,"The question embeds an assumption that a tailored approach would be beneficial and introduces a specific aspect (knee pain), which could shape the participant's response.",Can you think of any situations where you might have benefited from a different approach to exercise?
fitness_onboarding,ux_guidelines,4,"You mentioned that the physical therapist's workout plan was effective for you. What specific aspects of that plan do you think made it effective in helping you recover from your injuries, and how might those aspects be incorporated into a fitness app?",True,True,False,True,False,True,2,"The question assumes the physical therapist's plan was effective and introduces a specific aspect (incorporating into a fitness app), which could influence the participant's response and limit the scope of their answer.",What made the physical therapist's workout plan effective for you?
fitness_onboarding,ux_guidelines,5,"You mentioned having a plan that adjusts over time would be powerful. Can you think of any potential downsides or challenges to having an app that continuously adjusts your workout plan, such as potentially leading to plateaus or feeling overwhelmed by frequent changes?",True,True,False,True,False,False,2,"The question assumes a plan that adjusts over time is desirable and introduces specific potential downsides, which could shape the participant's response.",What are your thoughts on having a workout plan that adjusts over time?
fitness_onboarding,ux_guidelines,6,"You mentioned having some control over how much the app adjusts the plan. How do you think you would want to be involved in the decision-making process, such as through ratings, feedback, or setting specific goals, and what kind of information would you need to see in order to make informed decisions about your workout plan?",True,True,False,True,False,True,2,"The question assumes the participant wants control over the app's adjustments and introduces specific methods of involvement, which could influence the participant's response and limit the scope of their answer.",How would you like to be involved in the decision-making process for your workout plan?
fitness_onboarding,bias_guardrail,1,Can you tell me about your current experience with exercise and fitness?,False,False,False,False,False,False,0,"This question is open-ended and neutral, allowing the participant to share their experience without any influence or bias.",What is your current experience with exercise and fitness?
fitness_onboarding,bias_guardrail,2,What do you think is missing from your current exercise routine or the apps you've used that would help you feel more motivated and confident?,False,False,False,False,False,False,0,This question is exploratory and allows the participant to express their thoughts and feelings about their current exercise routine and apps.,What are your thoughts on what could improve your current exercise routine or the apps you've used?
fitness_onboarding,bias_guardrail,3,"How do you currently track or monitor your progress, if at all, and what do you think would be a useful way to do so in a fitness app?",True,False,False,False,False,True,1,"This question asks about two separate things: current tracking methods and desired features in a fitness app, which may cause the participant to feel overwhelmed or unsure about how to respond.",Can you describe how you currently track your progress? What features would you like to see in a fitness app to help you monitor your progress?
fitness_onboarding,bias_guardrail,4,What do you think would be the most important information for a fitness app to know about you in order to provide effective workout recommendations and progress tracking?,False,False,False,False,False,False,0,This question is open-ended and allows the participant to share their thoughts on what information is important for a fitness app to know.,What information do you think is most important for a fitness app to know about you?
fitness_onboarding,bias_guardrail,5,"How do you currently think about your injury history when choosing exercises or activities, and are there any specific exercises or activities that you've had to avoid or modify because of knee pain?",True,False,False,False,False,True,1,"This question asks about two separate things: considering injury history when choosing exercises and specific exercises or activities avoided or modified, which may cause the participant to feel overwhelmed or unsure about how to respond.",Can you describe how you consider your injury history when choosing exercises or activities? Are there any specific exercises or activities you've had to avoid or modify due to knee pain?
fitness_onboarding,bias_guardrail,6,"Are there any specific exercises or activities that you've modified or avoided because of your knee pain, and if so, what were the modifications or alternatives you used?",True,False,False,False,False,True,1,"This question asks about two separate things: modified or avoided exercises and the modifications or alternatives used, which may cause the participant to feel overwhelmed or unsure about how to respond.","Have you modified or avoided any exercises or activities due to knee pain? If so, can you describe the modifications or alternatives you've used?"
restaurant_loyalty,bare,1,Let's get started with the interview. Can you tell me about your current experience with restaurant loyalty programs? Do you currently participate in any loyalty programs when dining out?,True,False,False,False,False,True,1,"The question asks about both current experience and participation in loyalty programs, which could be split into two separate questions for clarity.",Can you describe your current experience with restaurant loyalty programs?
restaurant_loyalty,bare,2,That makes sense. It sounds like convenience might be a challenge for you when it comes to using loyalty programs. Have you ever received any promotional emails or offers from these loyalty programs that you found particularly useful or relevant to your dining habits?,True,True,False,True,False,False,2,"The question assumes convenience is a challenge and introduces the idea of promotional emails or offers, which could influence the participant's response.",What kinds of interactions have you had with loyalty programs that you found useful or relevant?
restaurant_loyalty,bare,3,"It sounds like you value personalized offers, but haven't seen much of that from the loyalty programs you've used. Have you ever received offers or promotions from other companies or websites that you find particularly relevant or useful, and if so, what made them stand out to you?",True,True,False,True,False,True,3,"The question assumes the participant values personalized offers, introduces the idea of other companies or websites, and asks about both the receipt and characteristics of relevant offers.",Can you think of any times when you received an offer or promotion that felt particularly relevant to you?
restaurant_loyalty,bare,4,"That's a good point about balance between relevance and not being too pushy. It sounds like you value a more subtle approach to personalized offers. Would you be more likely to engage with a loyalty program that offers you tailored recommendations based on your past purchases, as opposed to generic promotions, if you felt like the program was respecting your boundaries and not bombarding you with emails?",True,True,False,True,False,True,3,"The question assumes a preference for a subtle approach, introduces the idea of tailored recommendations, and asks about engagement based on multiple conditions.",How do you think a loyalty program could best provide you with relevant offers without being too intrusive?
restaurant_loyalty,bare,5,"It sounds like you appreciate a more nuanced approach to personalized offers. If a loyalty program was able to offer you a unique reward or benefit that was tied to your specific behavior or preferences, would you be more likely to share more information about yourself with the program in order to receive more tailored offers?",True,True,False,True,False,True,3,"The question assumes appreciation for a nuanced approach, introduces the idea of unique rewards, and asks about sharing information based on the potential for tailored offers.",What would make you willing to share more information about yourself with a loyalty program?
restaurant_loyalty,bare,6,"It sounds like you're looking for a mutually beneficial relationship with the loyalty program. If you were to share more information about yourself with a loyalty program, what kind of assurances or controls would you want in place to ensure that your data is being used responsibly and that you're not receiving unwanted communications?",True,True,False,False,False,False,2,"The question assumes the participant is looking for a mutually beneficial relationship, which could influence their response about desired assurances or controls.",What would you need to feel comfortable sharing information with a loyalty program?
restaurant_loyalty,ux_guidelines,1,"Can you describe a recent dining experience where you felt like the restaurant understood your preferences and offered something relevant to you, or one where you felt like they missed the mark?",True,True,False,False,False,True,2,"The question asks about two different experiences, which could confuse the participant and lead to a less accurate response.",Can you tell me about a recent dining experience that stands out to you?
restaurant_loyalty,ux_guidelines,2,"What was it about the way they asked about your preferences that made you feel like they were actually listening, as opposed to just going through the motions?",True,True,False,False,False,False,1,"The question assumes the participant felt like the restaurant was listening, which may not be the case.","How did the restaurant ask about your preferences, and how did you feel about that?"
restaurant_loyalty,ux_guidelines,3,"How do you think your experience with this Italian place would have been different if they had sent you a generic offer for a pasta dish, rather than one that was tailored to your specific preferences and past orders?",True,True,False,True,False,False,2,"The question introduces a specific scenario and assumes the participant's experience would be different, which could influence their response.",Can you think of a time when a restaurant's offer seemed particularly relevant or irrelevant to you?
restaurant_loyalty,ux_guidelines,4,"You mentioned you're a price-conscious diner, and you eat out twice a week. How do you balance your desire for good food with your desire to save money, and do you think a loyalty program like the one you experienced at the Italian place would influence your spending habits?",True,False,False,True,False,True,2,"The question asks about two different things: balancing desires and the influence of a loyalty program, which could lead to a confusing response.","How do you typically decide where to eat, and what factors influence your choice?"
restaurant_loyalty,ux_guidelines,5,"Are there any specific types of rewards or offers that you think would be more valuable to you than others, such as discounts, free items, or exclusive access to new menu items, or do you think it would depend on the specific situation?",True,False,False,True,False,False,1,"The question introduces specific types of rewards, which could influence the participant's response.",What kinds of rewards or offers do you think would be most appealing to you?
restaurant_loyalty,ux_guidelines,6,"Have you ever tried to take advantage of a loyalty program or promotion at a restaurant that ultimately didn't deliver on its promise, and if so, how did that affect your perception of the restaurant and its loyalty program?",True,False,False,False,False,True,2,"The question asks about two different things: the experience with a loyalty program and its impact on perception, which could lead to a confusing response.",Can you tell me about a time when you were disappointed with a restaurant's loyalty program or promotion?
restaurant_loyalty,bias_guardrail,1,"Can you describe a typical dining experience for you, including where you usually go and what type of food you order?",True,False,False,False,False,True,1,"The question asks about multiple aspects of the dining experience at once, which might make it difficult for the participant to provide a clear and concise answer.",What does a typical dining experience look like for you?
restaurant_loyalty,bias_guardrail,2,How do you typically decide which restaurants to try or return to for a meal?,False,False,False,False,False,False,0,This is an open-ended question that allows the participant to share their decision-making process without any influence from the interviewer.,What factors influence your decision when choosing a restaurant?
restaurant_loyalty,bias_guardrail,3,What factors do you consider most important when deciding whether to try a new restaurant?,False,False,False,False,False,False,0,This question is neutral and allows the participant to share their priorities without any external influence.,What matters most to you when considering a new restaurant?
restaurant_loyalty,bias_guardrail,4,How do you usually find out about new restaurants or promotions in your area?,False,False,False,False,False,False,0,This is an open-ended question that lets the participant share their discovery methods without any bias.,How do you typically discover new dining options or deals?
restaurant_loyalty,bias_guardrail,5,"What do you think about receiving unsolicited offers or promotions, such as coupons or special deals, from restaurants or other businesses?",True,True,False,True,False,False,2,"The term 'unsolicited' might influence the participant's response, and the mention of specific types of promotions could anchor their answer.",How do you feel about receiving offers from restaurants or businesses?
restaurant_loyalty,bias_guardrail,6,"Have you ever signed up for a loyalty program or rewards scheme at a restaurant, and if so, what motivated you to do so?",True,False,False,False,False,True,1,"The question asks about both the action of signing up and the motivation behind it, which could make the participant's response complex.","Have you ever joined a restaurant loyalty program? If so, what motivated you to sign up?"
job_alerts,bare,1,"Let's get started with the interview. 

Can you walk me through your current job search process, and how often you typically check for job openings?",True,False,False,False,False,True,1,"The question asks about two separate topics: the current job search process and the frequency of checking job openings, which could lead to incomplete or confusing answers.",Can you describe your current approach to searching for job openings?
job_alerts,bare,2,"How do you currently decide which job openings to explore further, and which ones to dismiss?",True,False,False,False,False,True,1,"The question asks about two separate decisions: which job openings to explore and which to dismiss, which could lead to incomplete or confusing answers.",What factors influence your decision to explore a job opening further?
job_alerts,bare,3,"Do you think you'd be more or less likely to apply for a job if you saw it ranked higher in a list of results because it was a better fit for your skills and experience, rather than because it was the most recently posted?",True,True,True,True,False,False,2,"The question introduces a specific ranking system and implies a positive outcome, which could influence the participant's response.",How do you think the ranking of job openings affects your decision to apply for a job?
job_alerts,bare,4,"Would you be open to using a job search platform that uses algorithms to rank job openings based on their fit to your skills and experience, rather than relying on the traditional recency-based approach you're using now?",True,True,True,True,False,False,2,"The question introduces a specific platform feature and implies a positive outcome, which could influence the participant's response.","What features do you look for in a job search platform, and how do you think they could be improved?"
job_alerts,bare,5,"How do you think you would feel if a job search platform prioritized job openings that it thought were a good fit for you, but didn't necessarily match your exact job title or description, but rather matched your skills and experience in a more nuanced way?",True,True,False,True,False,False,2,"The question introduces a specific platform feature and implies a positive outcome, which could influence the participant's response.",What are your thoughts on job search platforms that use algorithms to suggest job openings based on your skills and experience?
job_alerts,bare,6,"Would you be willing to provide more detailed information about your skills and experience to a job search platform that uses algorithms to rank job openings, in exchange for more accurate and relevant job suggestions?",True,True,True,True,False,False,2,"The question introduces a specific trade-off and implies a positive outcome, which could influence the participant's response.","What information are you willing to share with a job search platform, and what benefits do you expect in return?"
job_alerts,ux_guidelines,1,Can you walk me through your current process for finding job openings that might be a good match for your skills and experience?,False,False,False,False,False,False,0,This question is open-ended and allows the participant to share their genuine process without any influence.,Can you describe how you currently find job openings?
job_alerts,ux_guidelines,2,What specific characteristics or factors do you consider when evaluating a job posting to determine whether it's a good fit for you?,False,False,False,False,False,False,0,This question is straightforward and inquires about the participant's evaluation criteria without any bias.,What factors do you consider when looking at a job posting?
job_alerts,ux_guidelines,3,"Have you ever come across a job posting that, on paper, seemed like a great fit for you, but after further research or an interview, you realized it wasn't a good match in practice?",True,True,True,True,False,False,2,"The question assumes a specific scenario and could influence the participant to recall a particular experience, making it somewhat leading and closed.",Can you tell me about a time when you evaluated a job posting and what you learned from the experience?
job_alerts,ux_guidelines,4,"How do you currently use information from job postings, such as company websites, reviews, or employee testimonials, to inform your decision-making process when evaluating a potential employer?",False,False,False,False,False,False,0,This question explores the participant's use of information from job postings in a neutral and open-ended manner.,How do you use the information you find when looking at job postings?
job_alerts,ux_guidelines,5,"Are there any particular sources or types of information that you've found to be particularly trustworthy or useful in your research, or any that you've found to be less reliable or misleading?",True,False,False,False,False,True,1,"The question asks about both trustworthy and less reliable sources, which could be split into two separate questions for clarity.",What sources of information do you find most useful when researching a potential employer?
job_alerts,ux_guidelines,6,"How do you currently prioritize your job search when you're not actively looking for a new role, but still want to stay open to opportunities that might be a good fit for you?",False,False,False,False,False,False,0,This question is open-ended and allows the participant to share their strategy for passive job searching without any influence.,How do you approach your job search when you're not actively looking?
job_alerts,bias_guardrail,1,Can you describe your current process for searching for job openings?,False,False,False,False,False,False,0,"This question is open-ended and neutral, allowing the participant to share their process without any influence or bias.",Can you walk me through how you currently look for job openings?
job_alerts,bias_guardrail,2,What factors do you consider when deciding whether a job posting sounds remotely interesting?,False,False,False,False,False,False,0,"This question is neutral and inquires about the participant's thought process, without introducing any assumptions or biases.",What makes a job posting catch your attention?
job_alerts,bias_guardrail,3,"What do you mean by a ""slight improvement"" over your current role?",False,False,False,False,False,False,0,This question seeks clarification on the participant's previous statement and does not introduce any bias or assumption.,"Can you elaborate on what you mean by a ""slight improvement""?"
job_alerts,bias_guardrail,4,How do you currently prioritize job openings when you see multiple postings that meet your basic qualifications?,False,False,False,False,False,False,0,"This question is neutral and inquires about the participant's prioritization process, without introducing any assumptions or biases.",How do you decide which job openings to focus on when multiple ones seem like a good fit?
job_alerts,bias_guardrail,5,"What information, if any, do you rely on when deciding which job postings to look at more closely versus dismissing them?",False,False,False,False,False,False,0,"This question is neutral and inquires about the participant's decision-making process, without introducing any assumptions or biases.",What helps you decide whether to explore a job posting further or move on?
job_alerts,bias_guardrail,6,What role do you think the company's reputation plays in your decision-making process when considering a job opening?,False,False,False,False,False,False,0,"This question is neutral and inquires about the participant's thought process, without introducing any assumptions or biases.",How does a company's reputation influence your decision to consider a job opening?
bank_fraud_alerts,bare,1,"Can you tell me a little bit about how you currently receive bank fraud alerts, whether it's through SMS or app push notifications, and what your initial reaction is when you receive one of these alerts?",True,False,False,False,False,True,1,The question asks about two things at once: the current method of receiving alerts and the initial reaction to them.,Can you describe how you currently receive bank fraud alerts?
bank_fraud_alerts,bare,2,"That's a good point about the balance between being informed and being annoyed by false alarms. Have you ever had to take any action or contact your bank after receiving a fraud alert, either because it was a real issue or because you weren't sure what to do with the information?",True,True,False,True,False,False,2,"The question assumes the participant has had to take action and introduces the concept of false alarms, which could influence the response.",What actions have you taken in response to a bank fraud alert?
bank_fraud_alerts,bare,3,"It sounds like you're trying to navigate a system where you want to stay vigilant, but also avoid unnecessary hassle. Have you ever thought about what would make a fraud alert more useful or relevant to you, in terms of the information it provides or the way it's presented?",True,True,False,True,False,True,2,"The question assumes the participant wants to stay vigilant and avoid hassle, and asks about two aspects of the alert (information and presentation).",What features would you like to see in a bank fraud alert to make it more useful to you?
bank_fraud_alerts,bare,4,"It sounds like you're looking for a more informative and interactive alert system. Do you think it would be more useful to have a separate section or feature in the app that shows you a history of past alerts, so you can review them and see if there were any false alarms or legitimate issues?",True,True,False,True,False,False,2,The question assumes the participant is looking for a more informative system and introduces a specific feature (a separate section in the app).,How do you think a bank fraud alert system could be improved?
bank_fraud_alerts,bare,5,"Having a way to review and label past alerts could help you develop a better sense of what's normal and what's not. Would you be interested in receiving a summary or report at the end of each month, highlighting any potential security issues that were detected during the month, along with a breakdown of any false alarms that were triggered?",True,True,False,True,False,False,2,The question assumes the participant would benefit from reviewing past alerts and introduces a specific feature (a monthly summary report).,What kind of information would you like to receive about your bank fraud alerts on a regular basis?
bank_fraud_alerts,bare,6,"It sounds like you're looking for a balance between staying informed and avoiding information overload. Would you be open to receiving these reports, or summaries, through a more convenient channel than email, such as the app itself or even a dedicated dashboard within the app?",True,True,False,True,False,False,2,The question assumes the participant is looking for a balance and introduces specific channels for receiving reports (app or dedicated dashboard).,How would you prefer to receive regular updates about your bank fraud alerts?
bank_fraud_alerts,ux_guidelines,1,"Can you describe a recent situation where you received a bank fraud alert through SMS or an app push, and how you responded to it?",False,False,False,False,False,False,0,This question is open-ended and allows the participant to share their genuine experience without any influence or bias.,Can you tell me about a time when you received a bank fraud alert?
bank_fraud_alerts,ux_guidelines,2,"How do you typically decide whether to investigate a fraud alert immediately, or wait until you have more information or can verify it later?",False,False,False,False,False,False,0,This question explores the participant's thought process and decision-making without introducing any bias or assumptions.,What factors influence your decision to investigate a fraud alert?
bank_fraud_alerts,ux_guidelines,3,"Have you ever received a false alarm that was similar to the one you described earlier, where the alert turned out to be a legitimate transaction, and if so, how did that experience affect your relationship with the bank's alert system?",True,True,False,True,False,True,2,"This question assumes a specific scenario and asks about a comparison, which might influence the participant's response and introduces two topics at once.","Can you describe any experiences you've had with false alarms, and how they affected your perception of the bank's alert system?"
bank_fraud_alerts,ux_guidelines,4,"Do you think there's a point at which the bank could be sending you fewer alerts, or filtering out more legitimate transactions, without compromising your security and making you feel less protected?",True,True,False,True,False,True,2,"This question introduces a specific idea about reducing alerts and implies a trade-off between security and the number of alerts, which could shape the participant's response and asks about two concepts simultaneously.","How do you feel about the current frequency of alerts you receive from the bank, and what changes, if any, would you like to see?"
bank_fraud_alerts,ux_guidelines,5,"Have you ever thought about what information or context the bank could provide with the alert that would make it more clear whether or not you need to take action, or if you could safely ignore it?",False,False,False,False,False,False,0,This question is exploratory and allows the participant to share their thoughts on what would be helpful without introducing any bias.,What kind of information would you find helpful in a fraud alert to determine the best course of action?
bank_fraud_alerts,ux_guidelines,6,"Do you think it would be more helpful to have this additional context and information included in the alert itself, or would it be better to have a way to view more details about the transaction within the app, after you've received the initial alert?",False,False,False,False,False,False,0,This question presents a clear choice and allows the participant to express their preference without any influence.,How would you prefer to access more information about a transaction when you receive a fraud alert?
bank_fraud_alerts,bias_guardrail,1,Can you describe a recent experience where you received a bank fraud alert via SMS or app push?,False,False,False,False,False,False,0,"This question is open-ended and neutral, allowing the participant to share their genuine experience without any influence.",Can you tell me about a time when you received a bank fraud alert?
bank_fraud_alerts,bias_guardrail,2,What do you think would make you feel more confident that a bank fraud alert is legitimate or not a false alarm?,False,False,False,False,False,False,0,"This question is exploratory and neutral, aiming to understand the participant's thought process.",How do you determine whether a bank fraud alert is legitimate?
bank_fraud_alerts,bias_guardrail,3,How do you currently decide whether to investigate a bank fraud alert or ignore it?,False,False,False,False,False,False,0,This question is straightforward and inquires about the participant's current behavior.,What factors influence your decision to investigate or ignore a bank fraud alert?
bank_fraud_alerts,bias_guardrail,4,"What do you think would make you more likely to take action on a bank fraud alert, even if it sounds generic or vague?",False,False,False,False,False,False,0,This question is open-ended and seeks to understand the participant's motivations.,What would encourage you to take action on a bank fraud alert?
bank_fraud_alerts,bias_guardrail,5,"Have you ever received a bank fraud alert that you felt was unnecessary or overly cautious, and if so, what did you do in response?",True,True,False,False,False,True,2,"This question is leading as it assumes the participant has received an unnecessary alert and also asks about their response, making it double-barreled.",Can you describe a time when you received a bank fraud alert and how you responded to it?
bank_fraud_alerts,bias_guardrail,6,How do you think the bank could balance the need to protect your account from potential threats with the risk of sending unnecessary alerts that might be annoying or frustrating?,False,False,False,False,False,False,0,"This question is open-ended and neutral, seeking the participant's opinion on the bank's approach.",What do you think is an effective way for the bank to manage the trade-off between security and alert frequency?
grocery_substitution,bare,1,"Let's get started with the interview. 

Can you tell me a little bit about your typical grocery shopping experience, and how often you use online delivery or curbside pickup services?",True,False,False,False,False,True,1,The question asks about two separate topics: typical grocery shopping experience and the frequency of using online delivery or curbside pickup services.,Can you describe your typical grocery shopping experience?
grocery_substitution,bare,2,"Have you ever noticed any other types of substitutions or changes made to your grocery order, aside from just brand or size variations?",True,False,True,False,False,False,1,"The question can be answered with a simple yes or no, but it is still open-ended enough to gather more information.",What changes have you noticed in your grocery orders?
grocery_substitution,bare,3,"How do you currently find out about these substitutions, such as through notifications during checkout, or by receiving an updated order summary after the substitution has been made?",True,True,False,True,False,False,2,"The question introduces specific methods of finding out about substitutions, which may influence the participant's response.",How do you typically learn about changes to your grocery orders?
grocery_substitution,bare,4,"Would you be more likely to continue using an online grocery delivery service if they offered an option to review and approve or reject substitutions before they're made, versus receiving them without your knowledge after checkout?",True,True,True,True,False,False,2,"The question presents a specific scenario and asks the participant to compare it to their current experience, which may influence their response.",What features would make you more likely to continue using an online grocery delivery service?
grocery_substitution,bare,5,"Do you think you would be willing to pay a premium for the grocery delivery service if it included the option to review and approve substitutions, or would you expect it to be included in the standard service?",True,True,False,True,False,True,3,"The question introduces a specific feature and asks the participant to consider two different pricing scenarios, which may influence their response.","How important is the ability to review and approve substitutions to you, and how would you like to see it implemented?"
grocery_substitution,bare,6,"Would you be open to the grocery delivery service offering a compromise, such as providing the option to review and approve substitutions for an additional fee, but including it for free for loyalty program members or frequent users?",True,True,True,True,False,False,3,"The question presents a specific compromise and asks the participant to respond to it, which may influence their response.",What are your thoughts on potential compromises for implementing a substitution review feature?
grocery_substitution,ux_guidelines,1,"Can you tell me about a recent time when you had to make a grocery delivery purchase, and you noticed any changes or substitutions to the products you had ordered?",True,False,False,False,False,True,1,"The question asks about a specific experience and a particular aspect of that experience, which might limit the participant's response to only those instances where substitutions were noticed.",Can you describe a recent grocery delivery purchase experience?
grocery_substitution,ux_guidelines,2,"What did you do in response to the substitution, and how did you communicate with the delivery service about the change?",True,False,False,False,False,True,1,"This question assumes the participant noticed a substitution and responded to it, which might not be the case for all participants, and also asks about two different aspects of their response.",How do you typically handle issues with your grocery delivery orders?
grocery_substitution,ux_guidelines,3,"How do you typically handle situations where a delivery service makes a substitution like this, and what factors influence your decision about whether to accept the substitution or request a change?",True,False,False,False,False,True,2,"The question is clear but asks about two distinct aspects: the handling of substitutions and the factors influencing the decision, which could lead to incomplete or biased responses.",What factors are important to you when deciding how to handle substitutions in your grocery delivery orders?
grocery_substitution,ux_guidelines,4,"Are there any specific features or options that you think would help reduce the likelihood of automatic substitutions or make it easier for you to manage them, if they do occur?",False,False,False,False,False,False,0,This question is open-ended and allows the participant to freely express their thoughts on features or options that could improve their experience with substitutions.,What could make managing substitutions in grocery delivery easier for you?
grocery_substitution,ux_guidelines,5,"Have you ever considered using a different grocery delivery service because of issues with substitutions or other aspects of their ordering process, and if so, what factors influenced your decision to switch or stay with your current service?",True,False,False,False,False,True,2,"The question is lengthy and inquires about two main points: consideration of switching services and the factors influencing that decision, which might confuse the participant or lead to incomplete responses.",What influences your decision to stay with or switch from a grocery delivery service?
grocery_substitution,ux_guidelines,6,"How do you think the grocery delivery services could balance the need to accommodate individual preferences and needs, like yours, with the operational efficiency and cost considerations that come with managing a large number of orders?",False,False,False,False,False,False,0,"This question is open-ended and invites the participant to share their thoughts on how services could improve, without introducing bias or assumptions.",What do you think is important for grocery delivery services to consider when trying to meet individual customer needs?
grocery_substitution,bias_guardrail,1,What types of grocery items do you usually consider essential to purchase from specific brands?,False,False,False,False,False,False,0,This question is open-ended and allows the participant to share their genuine preferences without any influence.,What grocery items do you typically buy from specific brands?
grocery_substitution,bias_guardrail,2,How do you typically check for ingredient changes or updates in the products you buy for your daughter?,False,False,False,False,False,False,0,This question is neutral and seeks to understand the participant's current behavior.,How do you stay informed about changes to the products you purchase?
grocery_substitution,bias_guardrail,3,Can you tell me more about the service that sends you alerts about product recalls or changes?,False,False,False,False,False,False,0,This question is exploratory and does not introduce any bias.,Are you aware of any services that notify users about product recalls or updates?
grocery_substitution,bias_guardrail,4,How do you decide which products to add to your profile in the app?,False,False,False,False,False,False,0,This question is straightforward and seeks to understand the participant's decision-making process.,What factors influence your decision to add products to your app profile?
grocery_substitution,bias_guardrail,5,Do you think you would be interested in having a system automatically suggest substitutions for products in your daughter's list if they're no longer available or if there's a change in ingredients?,True,True,True,True,False,False,2,"This question introduces a specific feature and frames it positively, which could influence the participant's response.",How do you feel about automated product substitutions in general?
grocery_substitution,bias_guardrail,6,"If you were to review and approve substitutions, what factors would you consider most important in determining whether a suggested substitution is suitable for your daughter's needs?",False,False,False,False,False,False,0,This question is conditional but still allows the participant to share their genuine considerations.,What factors would you consider when evaluating the suitability of a product substitution for your daughter?
learning_dashboard,bare,1,Can you tell me a little bit about your current experience with tracking your child's online learning progress? What tools or methods do you use now to stay informed about their schoolwork?,True,False,False,False,False,True,1,"The question asks about both current experience and tools/methods, which could be split into two separate questions for clarity.",Can you describe your current experience with tracking your child's online learning progress?
learning_dashboard,bare,2,"How do you typically spend your time reviewing these various sources of information about your child's online learning progress – is it something you do daily, weekly, or just when you have a specific concern?",False,False,False,False,False,False,0,The question is open-ended and allows the participant to share their experience without being led towards a specific answer.,How often do you review information about your child's online learning progress?
learning_dashboard,bare,3,"What do you think would make it easier for you to stay on top of your child's online learning progress without feeling overwhelmed by too much information or, on the other hand, having to dig through multiple sources?",False,False,False,False,False,False,0,The question is open-ended and allows the participant to share their thoughts without being influenced by the interviewer.,What would make it easier for you to stay informed about your child's online learning progress?
learning_dashboard,bare,4,"You mentioned wanting to be able to access the information from your phone or tablet – do you think it would be more convenient for you to receive updates and summaries through a mobile app, or would you prefer to access the information through a website on your device?",True,True,False,True,False,False,2,"The question assumes the participant wants to access information from their phone or tablet and introduces a specific feature (mobile app vs website), which could influence the answer.",How do you think you would prefer to access information about your child's online learning progress?
learning_dashboard,bare,5,"Would you be interested in receiving push notifications from the app with updates on specific events, such as when your child submits an assignment or receives a new grade, or would you prefer to log in to the app to check for updates?",True,False,False,True,False,False,1,"The question introduces a specific feature (push notifications) which could shape the answer, but it also provides an alternative option.",How would you like to receive updates about your child's online learning progress?
learning_dashboard,bare,6,"That makes sense – it sounds like you'd want to be notified when there's a specific reason to pay attention, rather than just receiving updates on routine events. Would you be interested in being able to set up custom notifications like that, or would you prefer to rely on a default system that the app provides?",True,True,False,True,False,False,2,"The question assumes the participant wants to be notified only when there's a specific reason and introduces a specific feature (custom notifications), which could influence the answer.",What kind of notifications would be most useful to you for staying informed about your child's online learning progress?
learning_dashboard,ux_guidelines,1,"Can you describe a situation where you felt uncertain or lacked information about your child's progress in school, and how you typically addressed that uncertainty?",True,False,False,False,False,True,1,"The question asks about a situation and how it was addressed, which are two separate topics, making it double-barreled.",Can you describe a recent situation where you felt uncertain about your child's progress in school?
learning_dashboard,ux_guidelines,2,What were some of the specific things you wished you had known or understood about your daughter's math progress that you felt were missing from the conversation with her teacher?,False,False,False,False,False,False,0,This question is open-ended and allows the participant to share their thoughts without any leading or loaded language.,What information about your daughter's math progress do you wish you had known after speaking with her teacher?
learning_dashboard,ux_guidelines,3,"Have you ever used any online tools or resources to try to get a better sense of your daughter's progress in school, or to help her with her homework, and if so, what were your experiences with those tools?",True,False,False,False,False,True,1,"The question asks about the use of online tools and the participant's experiences, which are two separate topics, making it double-barreled.","What online tools or resources have you used to support your daughter's learning, and how have you found them?"
learning_dashboard,ux_guidelines,4,"What do you think would make an online tool or dashboard about your daughter's learning progress feel more useful or relevant to you, in terms of how you would use it and how it would support your involvement in her education?",True,False,False,False,False,True,1,"The question asks about what would make the tool useful and how it would support involvement, which are two related but distinct topics, making it double-barreled.",What features would make an online dashboard about your daughter's learning progress more useful to you?
learning_dashboard,ux_guidelines,5,"How do you think you would balance using a dashboard to stay informed about your daughter's progress with not wanting to micromanage or be too involved in her schoolwork, and what might make you feel like you're striking the right balance?",True,False,False,False,False,True,1,"The question asks about balancing the use of the dashboard and what would make the participant feel like they're striking the right balance, which are two separate topics, making it double-barreled.",How do you think you would balance using a dashboard to stay informed about your daughter's progress with giving her independence?
learning_dashboard,ux_guidelines,6,"Are there any specific features or functionalities that you think would be important for a dashboard to have in order to make it feel like a collaborative tool for you, your daughter, and her teachers, rather than just a way for you to monitor her progress?",False,False,False,False,False,False,0,This question is open-ended and allows the participant to share their thoughts without any leading or loaded language.,"What features would you like to see in a dashboard to make it a collaborative tool for you, your daughter, and her teachers?"
learning_dashboard,bias_guardrail,1,Can you describe a typical situation where you would want to know about your child's online learning progress?,False,False,False,False,False,False,0,This question is open-ended and allows the participant to share their thoughts without any influence or assumption.,Can you describe a situation where you would want to know about your child's online learning progress?
learning_dashboard,bias_guardrail,2,What information do you think would be most useful to see on the dashboard when your child is struggling with a particular subject or assignment?,False,False,False,False,False,False,0,"This question is specific and focused on the participant's needs, without introducing any bias or assumption.",What information would you find most useful to see on the dashboard regarding your child's online learning progress?
learning_dashboard,bias_guardrail,3,"How would you prefer to receive updates about your child's online learning progress - through regular emails, a mobile app, or something else?",True,False,False,True,False,False,1,"The question introduces specific channels for receiving updates, which might influence the participant's response.",How would you prefer to receive updates about your child's online learning progress?
learning_dashboard,bias_guardrail,4,"What kind of notifications would you find most useful to receive through the mobile app, in terms of keeping you informed about your child's online learning progress?",True,False,False,True,False,False,1,"The question assumes the use of a mobile app and notifications, which might not be the participant's preferred method.","What kind of updates would you find most useful to receive, and through which channel?"
learning_dashboard,bias_guardrail,5,"How would you like to be able to customize the notifications - would you want to choose specific types of updates, set frequency limits, or something else?",True,False,False,True,False,False,1,"The question introduces specific customization options, which might influence the participant's response.",How would you like to be able to customize the updates you receive about your child's online learning progress?
learning_dashboard,bias_guardrail,6,"Are there any other features or tools that you think would be useful for you to have access to in the mobile app, beyond just notifications and updates about your child's online learning progress?",True,False,False,True,False,False,1,"The question assumes the use of a mobile app and introduces a specific context, which might limit the participant's response.","Are there any other features or tools that you think would be useful for you to have access to, in order to support your child's online learning progress?"
travel_planning,bare,1,"Let's start the interview. 

When you plan a weekend trip, what are some of the most important factors that influence your decision on where to go and what to do?",False,False,False,False,False,False,0,This question is open-ended and allows the participant to share their thoughts without any influence or bias.,What factors do you consider when planning a weekend trip?
travel_planning,bare,2,"You mentioned enjoying local food and drinks, and having flexibility in your trips. Have you ever come across a destination where you thought it had great food options, but the actual experience didn't quite live up to your expectations?",True,True,True,True,False,False,2,"This question assumes the participant has had a specific experience and is looking for a yes/no answer, which may influence their response.",Can you tell me about a time when your expectations for a destination's food options were not met?
travel_planning,bare,3,"It sounds like you value local insights and firsthand experiences over online reviews. Do you think you would be more likely to trust recommendations from an AI itinerary planner that incorporates local information and user reviews, or would you still prefer to rely on your own research and local connections?",True,True,False,True,False,True,3,"This question presents a binary choice and assumes the participant values local insights, which may not be the case.",How do you think you would use recommendations from an AI itinerary planner in your travel planning process?
travel_planning,bare,4,"You mentioned wanting to vet AI recommendations with human input. Do you think it would be helpful if an AI itinerary planner could provide some context or background information on the person or people who contributed to the recommendations, such as their interests or expertise?",True,True,True,True,False,False,2,"This question assumes the participant wants to vet AI recommendations and is looking for a yes/no answer, which may influence their response.",What kind of information would you find useful when considering recommendations from an AI itinerary planner?
travel_planning,bare,5,"You mentioned that having context about the person behind the recommendations would make you more likely to trust them. Would you be willing to provide some information about your own interests and preferences to an AI itinerary planner, in order to get more personalized and relevant recommendations?",True,True,True,True,False,False,2,"This question assumes the participant is willing to provide information and is looking for a yes/no answer, which may influence their response.",What are your thoughts on providing personal information to an AI itinerary planner in exchange for more tailored recommendations?
travel_planning,bare,6,"You mentioned being cautious about sharing personal information with a machine. Do you think it would make a difference if you had more control over the types of data you share and how it's used, such as being able to opt-in or opt-out of certain features or sharing settings?",True,True,True,True,False,False,2,"This question assumes the participant is cautious about sharing information and is looking for a yes/no answer, which may influence their response.",How do you think control over data sharing and usage would impact your willingness to use an AI itinerary planner?
travel_planning,ux_guidelines,1,"Can you describe a recent weekend trip you took where you had to plan your itinerary, and what steps you went through to decide how to spend your time?",False,False,False,False,False,False,0,This question is open-ended and allows the participant to share their experience without any influence or bias.,Can you tell me about a recent weekend trip you planned and how you decided what to do?
travel_planning,ux_guidelines,2,How did you balance your desire to try new food and experiences with the need to have some downtime or flexibility in your schedule during the trip?,False,False,False,False,False,False,0,This question explores the participant's thought process and behavior without introducing any bias or assumptions.,How did you manage your time and activities during the trip to meet your needs and preferences?
travel_planning,ux_guidelines,3,"Were there any specific moments or experiences during the trip where you felt like you had too much structure or too little flexibility in your plans, and how did you handle those situations?",True,False,False,False,False,True,1,"This question asks about two separate things: moments with too much structure and moments with too little flexibility, which could be split into two distinct questions for clarity.","Can you describe a situation during the trip where you felt like your plans were too rigid, and how you handled it?"
travel_planning,ux_guidelines,4,"How do you think an AI itinerary planner could have helped you in that situation, or would you have still wanted to make the decision to take a detour on your own?",True,True,False,True,False,True,2,"This question introduces the concept of an AI itinerary planner and implies it could be helpful, which may influence the participant's response, and also asks about two separate scenarios.",What features or capabilities would you want from a travel planning tool to help you make decisions during a trip?
travel_planning,ux_guidelines,5,Are there any specific features or capabilities that you think an AI itinerary planner would need to have in order to provide you with the kind of suggestions and guidance that you described?,True,False,False,True,False,False,1,"This question assumes the participant wants an AI itinerary planner and focuses on its features, which may not be the case.","What would make a travel planning tool useful to you, and what features would you expect it to have?"
travel_planning,ux_guidelines,6,"Have you ever used any travel planning tools or apps that have attempted to learn your preferences or adapt to your behavior over time, and if so, what were your experiences with them?",True,False,False,False,False,True,1,"This question asks about the existence of experience with travel planning tools and also about the nature of those experiences, which could be split for clarity.","Can you tell me about your experiences with travel planning tools or apps, and what you liked or disliked about them?"
travel_planning,bias_guardrail,1,What does a typical weekend trip look like for you in terms of planning and organization?,False,False,False,False,False,False,0,"This question is open-ended and neutral, allowing the participant to share their genuine experience without any influence.",Can you describe your usual approach to planning a weekend trip?
travel_planning,bias_guardrail,2,How do you usually find out about local restaurants or places to visit when you're on a weekend trip?,False,False,False,False,False,False,0,This question is straightforward and inquires about the participant's current behavior without any bias.,What sources do you typically use to discover local eateries and attractions during your weekend trips?
travel_planning,bias_guardrail,3,"Can you describe what you mean by an ""authentic feel"" for a place, and how you think you get that from the sources you mentioned?",True,False,False,False,False,True,1,"Although the question is mostly neutral, it asks about two concepts simultaneously: the definition of 'authentic feel' and how it's achieved, which might confuse the participant.","First, can you describe what you mean by an 'authentic feel' for a place? Then, how do you think you achieve that feeling?"
travel_planning,bias_guardrail,4,"How do you think your experience of a place would change if you had a more detailed itinerary or schedule for your weekend trip, rather than the more flexible approach you typically take?",True,True,False,True,False,False,2,"This question introduces a specific scenario (a more detailed itinerary) and implies a comparison to the participant's current approach, which could influence their response.",How do you think having a detailed itinerary for a weekend trip would affect your travel experience?
travel_planning,bias_guardrail,5,"Can you describe a time when you had a particularly good experience on a weekend trip, where something unexpected happened or you stumbled upon something you really enjoyed?",False,False,False,False,False,False,0,This question invites the participant to share a positive experience without any preconceptions or biases.,What's an example of a memorable experience you've had on a weekend trip?
travel_planning,bias_guardrail,6,"What role do you think technology, such as an AI itinerary planner, should play in helping you plan and navigate a weekend trip, given your preferences for flexibility and spontaneity?",True,True,False,True,False,False,2,"The question assumes the participant has preferences for flexibility and spontaneity and introduces a specific technology (AI itinerary planner), which could sway their response.",How do you think technology could enhance your weekend trip planning and navigation experience?
customer_support_bot,bare,1,"Let's go ahead with the interview. I'll be asking you questions about a customer-support chatbot escalation flow. 

Can you think of a time when you had to contact customer support for a subscription service, and it didn't go as smoothly as you had hoped?",False,False,False,False,False,False,0,This question is open-ended and allows the participant to share their genuine experience without any influence from the interviewer.,Can you describe a recent experience with customer support for a subscription service?
customer_support_bot,bare,2,"You had to call the support number in the end. Did you think that calling the support number was a more effective way to resolve your issue, or would you have preferred to resolve it through the chatbot if it had been working better?",True,True,False,True,False,True,2,"The question assumes the participant had to call the support number and implies a comparison between the effectiveness of the support number and the chatbot, which could influence the participant's response.","How did you ultimately resolve your issue, and what were your thoughts on the process?"
customer_support_bot,bare,3,"You mentioned you were in the middle of something when you got the call. Can you tell me a bit more about what you were doing at the time, and how that affected your experience with the support call?",True,False,False,False,False,True,1,"While the question is open-ended, it asks about two things at once: what the participant was doing and how it affected their experience.","What were you doing when you received the support call, and how did the timing impact you?"
customer_support_bot,bare,4,It sounds like the timing of the call was particularly inconvenient for you. Have you ever used a chatbot for support in a situation where you were in a similar state of flow or had a similar deadline to meet?,True,True,False,True,False,False,2,"The question implies that the timing of the call was inconvenient and assumes a specific context for the participant's potential use of a chatbot, which could influence their response.",Can you think of a time when you used a chatbot for support while you were busy or under a deadline?
customer_support_bot,bare,5,It's interesting that you had a positive experience with another chatbot service recently. Did you notice any differences between how that chatbot handled your issue and the one you had with our service 6 months ago?,True,True,False,True,False,True,2,"The question highlights a positive experience with another chatbot and implies a comparison with the interviewer's service, which could influence the participant's response and introduces the specific service and timeframe.",How do your experiences with different chatbot services compare in terms of issue resolution?
customer_support_bot,bare,6,You mentioned that the other chatbot provided more context and information about the issue. Do you think that level of transparency and information would have made a big difference in your experience with our service 6 months ago?,True,True,False,True,False,False,2,"The question assumes the participant values transparency and information and implies that the lack of these was a significant issue in their previous experience, which could influence their response.",What factors do you think are most important for a positive experience when using a chatbot for support?
customer_support_bot,ux_guidelines,1,"Can you describe a recent or past experience where you had to interact with a customer support system, such as a chat or phone service, to resolve an issue with one of your subscriptions?",False,False,False,False,False,False,0,This question is open-ended and allows the participant to share their genuine experience without any influence or bias.,Can you tell me about a time when you had to contact customer support for help with a subscription?
customer_support_bot,ux_guidelines,2,"What specifically made the experience with the live support person feel like it was getting nowhere, and what would have made it more productive or helpful for you at the time?",True,False,False,False,False,True,1,"This question asks about two things at once: what made the experience unproductive and what would have made it more helpful, which might confuse the participant.",What made the experience with the live support person feel unproductive for you?
customer_support_bot,ux_guidelines,3,"You mentioned that you eventually sent an email to cancel your subscription, which was easier than the live support experience. What made the email process more straightforward for you, and do you think it's because of the format or the way the email support was set up?",True,True,False,True,False,True,2,"This question assumes the email process was easier and introduces the idea of format or setup, which could influence the participant's response.",How did your experience with email support compare to the live support experience?
customer_support_bot,ux_guidelines,4,"You mentioned that the live support experience felt more complicated and time-consuming. Can you think of any situations where you might prefer to use a live support option, such as a chatbot or a human support person, rather than an email or self-service process?",True,False,False,True,False,False,1,"This question introduces specific support options, which could shape the participant's answer.",Are there any situations where you would prefer to use live support over other options?
customer_support_bot,ux_guidelines,5,"You mentioned that you'd want to be able to talk to someone in real-time to resolve technical issues quickly. Have you ever used a chat or messaging service to troubleshoot a technical issue, and if so, what did you think of that experience?",True,False,False,True,False,True,1,"This question asks about a specific scenario and then inquires about the participant's experience, which might be seen as two separate questions.",What has your experience been like with using chat or messaging services for technical support?
customer_support_bot,ux_guidelines,6,"You mentioned that the chatbot in that situation didn't seem to understand your problem, and you felt like you were repeating the same steps. Can you think of any ways that a chatbot or support system could have done things differently in that situation to better understand your issue and provide more helpful assistance?",True,False,False,True,False,False,1,"This question references a specific situation and technology, which could influence the participant's response.",How could support systems be improved to better understand and address customer issues?
customer_support_bot,bias_guardrail,1,Can you describe a recent experience you had with customer support where you had to escalate an issue?,False,False,False,False,False,False,0,This question is open-ended and allows the participant to share their experience without any influence or assumption.,Can you tell me about a recent experience you had with customer support?
customer_support_bot,bias_guardrail,2,What specifically was causing you frustration during that interaction with the chatbot?,False,False,False,False,False,False,0,"This question is specific and focused on the participant's experience, without introducing any assumptions or biases.",What did you find frustrating during that interaction?
customer_support_bot,bias_guardrail,3,How did you feel when the chatbot didn't seem to understand or acknowledge the information you provided about your issue?,True,True,False,True,True,False,2,"This question assumes the chatbot didn't understand or acknowledge the information, which may not be the case, and also introduces an emotional tone.",Can you describe your emotional state during that interaction with the chatbot?
customer_support_bot,bias_guardrail,4,What would have helped you feel like the chatbot was actively trying to help you during that interaction?,False,False,False,False,False,False,0,This question is open-ended and allows the participant to share their thoughts and feelings without any influence or assumption.,What would have improved your experience with the chatbot?
customer_support_bot,bias_guardrail,5,"Can you think of any point during the interaction where you might have been willing to continue using the chatbot to try and resolve the issue, if something had changed?",True,True,False,False,False,True,2,This question assumes there was a point where the participant was willing to continue using the chatbot and also asks about multiple things at once.,What would have changed your experience with the chatbot?
customer_support_bot,bias_guardrail,6,"Do you think there's a specific point in the escalation flow where a human takeover option should be introduced, based on the conversation you had with the chatbot?",True,True,False,True,False,False,2,"This question assumes the participant has an opinion on the escalation flow and introduces the concept of human takeover, which may influence their response.",What do you think would improve the escalation process in customer support?
